http://skiworld.org.ua/ru/goto/bukovel/	Буковель|Буковеля|Буковеле|Буковелю|Буковелем	Курорт Буковель
http://skiworld.org.ua/ua/goto/dragobrat/	Драгобраті|Драгобрата|Драгобрату|Драгобрате|Драгобратом|Драгобратові|Драгобрат	Курорт Драгобрат
http://skiworld.org.ua/ru/goto/slavsko/	Славское|Славском|Славского	Курорт Славское
http://www.yarem4e.com/	Яремчанська міськрада|Яремче|Яремча|Яремчу	Сайт города Яремче, Отдых в Яремче
http://skiworld.org.ua/ua/goto/mykulychyn/	Микуличина|Микуличине|Микуличин	Микуличин
http://skiworld.org.ua/	Карпатах|Карпаты|Карпатам	Отдых в Карпатах
http://skiworld.org.ua/ru/	Карпати|Карпатами|Карпатам|Відпочинок в Карпатах	Віпочинок в Карпатах
http://skiworld.org.ua/ru/goto/vorohta/	Ворохта|Ворохты|Ворохте|Ворохту	Ворохта
http://skiworld.org.ua/ru/goto/vorohta/	Ворохті|Ворохти	Ворохта
http://skiworld.org.ua/ru/goto/tatariv/	Татарове|Татарову|Татарова|Татаров|Татарив|Татаровом	Татаров
http://skiworld.org.ua/ua/goto/tatariv/	Татарів|Татарові|Татарова|Татарову	Татарів
http://skiworld.org.ua/ua/goto/oryavchik/	Орявчику|Орявчика|Орявчиком|Орявчикові|Орявчик	Орявчик
http://skiworld.org.ua/ua/goto/verhovyna/	Верховина|Верховині|Верховину|Верховиною	Верховина